city,weather_type,count,frequency
Токио,Облачно с прояснениями,40,0.5882352941176471
Токио,Ясно,11,0.16176470588235295
Токио,Небольшой дождь,10,0.14705882352941177
Токио,Дождь,7,0.10294117647058823
