max_temp,min_temp,average_temp,dis_temp,stand_temp_dev,max_humidity,min_humidity,average_humidity,dis_humidity,stand_humidity_dev,max_pressure,min_pressure,average_pressure,dis_pressure,stand_pressure_dev
26.35,15.9,18.417101449275357,8.870217945439048,2.978291111600585,89.0,52.0,68.85507246376811,83.03751065643648,9.112492011323603,1022.0,998.0,1013.5072463768116,74.45950554134699,8.628992150961025
